"order_delivery_no","order_id","invoice_type"
"1413024413990842370","1412962980048715777","2"
"CK21062803123","1408610468840980482","2"
"CK21072806965","1408610468877426690","2"
"CK21063001912","1408610468877426690","2"
"CK21062808679","1408610469165273090","2"
"CK21063001972","1408610469199032322","2"
"CK21080200468","1408610469478580225","2"
"CK21062903851","1408610469478580225","2"
"CK21062905427","1408610469574983682","2"
"CK21062901137","1408610472899764226","2"
"CK21062901173","1408610472947269634","2"
"CK21063001257","1408610472968241154","2"
"CK21063001383","1408610473049403393","2"
"CK21063001005","1408610473103335425","2"
"CK21063001393","1408610473133289474","2"
"CK21072805539","1408610473184976897","5"
"CK21063002030","1408610473184976897","5"
"CK21072804494","1408610473376927745","2"
"CK21062809460","1408610473376927745","2"
"CK21072803851","1408610473456619521","2"
"CK21063002973","1408610473456619521","2"
"CK21072807297","1408610473510182913","1"
"CK21063005657","1408610473510182913","1"
"CK21062802942","1408610473531154433","2"
"CK21062901055","1408610473779007490","2"
"CK21072805605","1408610473832267778","5"
"CK21062904628","1408610473832267778","5"
"CK21062808627","1408610473938001922","2"
"CK21080201888","1408610474064793602","2"
"CK21062805384","1408610474064793602","2"
"CK21080200165","1408610474201300994","2"
"CK21062903892","1408610474201300994","2"
"CK21072803733","1408610474320646146","2"
"CK21062810027","1408610474320646146","2"
"CK21062905245","1408610474453024769","2"
"CK21072803843","1408610474514571266","2"
"CK21062809950","1408610474514571266","2"
"CK21063002905","1408610474785251329","2"
"CK21072803729","1408610474938195970","2"
"CK21063003048","1408610474938195970","2"
"CK21063001370","1408610474962006018","2"
"CK21072804031","1408610475087630339","2"
"CK21062809817","1408610475087630339","2"
"CK21072803732","1408610475254136834","2"
"CK21062810028","1408610475254136834","2"
"CK21072803839","1408610475472175106","2"
"CK21063002977","1408610475472175106","2"
"CK21080200159","1408610475511459842","2"
"CK21062903893","1408610475511459842","2"
"CK21062807965","1408610475539349505","2"
"CK21072806761","1408610475610587137","2"
"CK21063002302","1408610475610587137","2"
"CK21063001909","1408610475625074691","2"
"CK21072804439","1408610477119234050","2"
"CK21063002679","1408610477119234050","2"
"CK21063001296","1408610477548421122","2"
"CK21062808684","1408610477591834626","2"
"CK21063001765","1408610477738041345","2"
"CK21063002019","1408610477821050882","2"
"CK21080200440","1408610477868138497","2"
"CK21063000281","1408610477868138497","2"
"CK21063003535","1408610478169178113","2"
"CK21072803984","1408610478213947393","1"
"CK21062809852","1408610478213947393","1"
"CK21062904657","1408610478270717953","2"
"CK21080200980","1408610478370504706","2"
"CK21062905822","1408610478370504706","2"
"CK21062904941","1408610478374633473","2"
"CK21063001908","1408610478380363778","2"
"CK21063002774","1408610478448828417","2"
"CK21062901148","1408610478548135937","2"
"CK21063001405","1408610478681833474","2"
"CK21063002569","1408610478943756290","2"
"CK21063001957","1408610478980517891","2"
"CK21072804070","1408610478987067394","2"
"CK21062809789","1408610478987067394","2"
"CK21062807976","1408610479058305026","2"
"CK21072803816","1408610479122550786","2"
"CK21062904374","1408610479122550786","2"
"CK21072802566","1408610479127318530","2"
"CK21062904518","1408610479127318530","2"
"CK21072804021","1408610479156105217","2"
"CK21063002884","1408610479156105217","2"
"CK21062802763","1408610479679062018","2"
"CK21080200736","1408610479713947654","2"
"CK21062905936","1408610479713947654","2"
"CK21072803898","1408610479762948098","2"
"CK21062809913","1408610479762948098","2"
"CK21072804236","1408610479821733890","2"
"CK21062809669","1408610479821733890","2"
"CK21062903708","1408610480557207557","2"
"CK21062808700","1408610480669859842","2"
"CK21072807142","1408610480716386306","2"
"CK21063001585","1408610480716386306","2"
"CK21072805536","1408610480728580097","2"
"CK21063002032","1408610480728580097","2"
"CK21072805538","1408610480883769346","2"
"CK21062808705","1408610480883769346","2"
"CK21062905938","1408610480968044545","2"
"CK21080200434","1408610481060524033","2"
"CK21063000285","1408610481060524033","2"
"CK21072804001","1408610481148010497","2"
"CK21062809839","1408610481148010497","2"
"CK21062901156","1408610481222565890","2"
"CK21072802932","1408610481229651970","2"
"CK21063003372","1408610481229651970","2"
"CK21062805718","1408610481350299649","2"
"CK21062905662","1408610481549721601","2"
"CK21072804004","1408610481587470337","2"
"CK21062809837","1408610481587470337","2"
"CK21080200811","1408610481723019265","2"
"CK21062905903","1408610481723019265","2"
"CK21080201337","1408610481860100098","2"
"CK21062905658","1408610481860100098","2"
"CK21072806962","1408610481999454209","2"
"CK21063001914","1408610481999454209","2"
"CK21072804654","1408610482407264258","2"
"CK21063002562","1408610482407264258","2"
"CK21072806362","1408610482616406018","2"
"CK21063002976","1408610482616406018","2"
"CK21072805087","1408610483036041218","2"
"CK21062809010","1408610483036041218","2"
"CK21062905945","1408610483123527681","2"
"CK21080200711","1408610483238723586","2"
"CK21062905947","1408610483238723586","2"
"CK21063002576","1408610483247112193","2"
"CK21063002969","1408610485146144769","2"
"CK21072806618","1408610485153570818","2"
"CK21063006071","1408610485153570818","2"
"CK21072805998","1408610485203025922","1"
"CK21063006442","1408610485203025922","1"
"CK21063005027","1408610485312012289","2"
"CK21072804321","1408610485321936898","2"
"CK21062809596","1408610485321936898","2"
"CK21063002449","1408610485329731585","5"
"CK21062900891","1408610485584642050","2"
"CK21072802661","1408610485690515458","2"
"CK21062902363","1408610485690515458","2"
"CK21062808391","1408610485770727426","2"
"CK21080201324","1408610485977604100","2"
"CK21062805851","1408610485977604100","2"
"CK21080201205","1408610485999943682","2"
"CK21062805949","1408610485999943682","2"
"CK21080201590","1408610486004072450","2"
"CK21062805626","1408610486004072450","2"
"CK21072804650","1408610486019547137","2"
"CK21062809343","1408610486019547137","2"
"CK21080200622","1408610486058598402","2"
"CK21062806371","1408610486058598402","2"
"CK21062806892","1408610486286032897","2"
"CK21080200628","1408610486300565505","2"
"CK21062806369","1408610486300565505","2"
"CK21080200164","1408610486362492930","2"
"CK21062806741","1408610486362492930","2"
"CK21062904180","1408610486483238913","1"
"CK21080202716","1408610486567051266","1"
"CK21062804686","1408610486567051266","1"
"CK21063005348","1408610486684565505","2"
"CK21063002005","1408610486692003841","2"
"CK21063001582","1408610486856847361","5"
"CK21080200597","1408610486916141058","2"
"CK21062806393","1408610486916141058","2"
"CK21062808176","1408610487171993601","5"
"CK21072804860","1408610487297454083","2"
"CK21063002454","1408610487297454083","2"
"CK21072806661","1408610487309443074","2"
"CK21063006039","1408610487309443074","2"
"CK21062904924","1408610487630159874","1"
"CK21072802411","1408610488624209922","2"
"CK21062902546","1408610488624209922","2"
"CK21080201482","1408610488804564994","2"
"CK21062805716","1408610488804564994","2"
"CK21080201599","1408610488819986433","2"
"CK21062805619","1408610488819986433","2"
"CK21062807856","1408610488836169730","2"
"CK21080200638","1408610488859090945","2"
"CK21062806362","1408610488859090945","2"
"CK21062808397","1408610488983044097","2"
"CK21062803331","1408610489028165633","2"
"CK21080200647","1408610489058467841","2"
"CK21062806356","1408610489058467841","2"
"CK21072804323","1408610489078497281","2"
"CK21062809594","1408610489078497281","2"
"CK21080201348","1408610489155899394","2"
"CK21062805832","1408610489155899394","2"
"CK21080202727","1408610489271435266","2"
"CK21062804680","1408610489271435266","2"
"CK21062806881","1408610489312075777","2"
"CK21080202689","1408610489314914305","2"
"CK21062804710","1408610489314914305","2"
"CK21062807313","1408610489406668803","2"
"CK21072804643","1408610489477021698","1"
"CK21062809348","1408610489477021698","1"
"CK21072804200","1408610489676980226","2"
"CK21062809695","1408610489676980226","2"
"CK21080200982","1408610489763704835","2"
"CK21062905820","1408610489763704835","2"
"CK21080200315","1408610490031546369","2"
"CK21063000348","1408610490031546369","2"
"CK21072805102","1408610490040008705","5"
"CK21062809012","1408610490040008705","5"
"CK21080201082","1408610490139721729","2"
"CK21062806041","1408610490139721729","2"
"CK21080202247","1408610491206914050","5"
"CK21062805054","1408610491206914050","5"
"CK21080202246","1408610491244089345","5"
"CK21062805053","1408610491244089345","5"
"CK21062808419","1408610491273449474","2"
"CK21062809873","1408610491650936834","1"
"CK21072804293","1408610491839365121","2"
"CK21062809622","1408610491839365121","2"
"CK21080202653","1408610491898605570","1"
"CK21062804739","1408610491898605570","1"
"CK21080200575","1408610491987054594","2"
"CK21062806411","1408610491987054594","2"
"CK21080200318","1408610492176785409","2"
"CK21063000346","1408610492176785409","2"
"CK21072806627","1408610492816953345","2"
"CK21063002557","1408610492816953345","2"
"CK21080200313","1408610493460242433","5"
"CK21062806610","1408610493460242433","5"
"CK21072806361","1408610493525995522","2"
"CK21063002979","1408610493525995522","2"
"CK21062905973","1408610493840568321","1"
"CK21062806890","1408610494290714630","2"
"CK21080200361","1408610494370406401","2"
"CK21063000327","1408610494370406401","2"
"CK21072806551","1408610494511656962","2"
"CK21063006114","1408610494511656962","2"
"CK21080201332","1408610495014453249","2"
"CK21062805845","1408610495014453249","2"
"CK21080201726","1408610495018962946","2"
"CK21062805511","1408610495018962946","2"
"CK21080201453","1408610495026962434","2"
"CK21062805745","1408610495026962434","2"
"CK21080201572","1408610495027556353","2"
"CK21062805644","1408610495027556353","2"
"CK21080201592","1408610495039545346","2"
"CK21062805624","1408610495039545346","2"
"CK21080200037","1408610495047057410","2"
"CK21062806848","1408610495047057410","2"
"CK21080201803","1408610495052128258","2"
"CK21062805440","1408610495052128258","2"
"CK21080201180","1408610495065305090","2"
"CK21062805967","1408610495065305090","2"
"CK21080201172","1408610495070855169","2"
"CK21062805975","1408610495070855169","2"
"CK21080200969","1408610495077683202","2"
"CK21062806119","1408610495077683202","2"
"CK21080202241","1408610495107616770","2"
"CK21062805059","1408610495107616770","2"
"CK21080202138","1408610495119310850","2"
"CK21062805150","1408610495119310850","2"
"CK21080201942","1408610495143460866","2"
"CK21062805321","1408610495143460866","2"
"CK21062803453","1408610495177957377","2"
"CK21062808433","1408610495199522817","2"
"CK21080201887","1408610495241465858","2"
"CK21062805362","1408610495241465858","2"
"CK21063002594","1408610495432933377","2"
"CK21062803161","1408610495765753857","2"
"CK21072803755","1408610496075612162","1"
"CK21062810012","1408610496075612162","1"
"CK21072806614","1408610496355614721","2"
"CK21063006074","1408610496355614721","2"
"CK21080201190","1408610496788643841","2"
"CK21062905716","1408610496788643841","2"
"CK21072802126","1408610496877039618","2"
"CK21062904580","1408610496877039618","2"
"CK21072807019","1408610497022574593","2"
"CK21063005819","1408610497022574593","2"
"CK21072801667","1408610497027719169","2"
"CK21062903169","1408610497027719169","2"
"CK21072801632","1408610497036627970","2"
"CK21062903210","1408610497036627970","2"
"CK21080201731","1408610497249067009","1"
"CK21062903698","1408610497249067009","1"
"CK21072804814","1408610497483948034","2"
"CK21062809219","1408610497483948034","2"
"CK21063001781","1408610497522962433","5"
"CK21072801645","1408610498291093505","2"
"CK21062903194","1408610498291093505","2"
"CK21062807910","1408610498793521153","2"
"CK21063001349","1408610500034961410","2"
"CK21080200012","1408610500099825666","1"
"CK21062806868","1408610500099825666","1"
"CK21072806319","1408610500295970817","2"
"CK21063003060","1408610500295970817","2"
"CK21072801638","1408610500299796482","2"
"CK21062903201","1408610500299796482","2"
"CK21063004827","1408610500338900994","2"
"CK21080200036","1408610500426981378","2"
"CK21063000475","1408610500426981378","2"
"CK21072803493","1408610500521889793","2"
"CK21062810230","1408610500521889793","2"
"CK21063001559","1408610500676763649","2"
"CK21080201208","1408610500734533634","2"
"CK21062805947","1408610500734533634","2"
"CK21080200517","1408610500979068930","2"
"CK21062806462","1408610500979068930","2"
"CK21062903659","1408610502203805698","1"
"CK21072804793","1408610502237360130","1"
"CK21062809235","1408610502237360130","1"
"CK21080203123","1408610502237933570","5"
"CK21062904736","1408610502237933570","5"
"CK21072804125","1408610502310223874","5"
"CK21062809752","1408610502310223874","5"
"CK21080203503","1408610502497017858","2"
"CK21062804045","1408610502497017858","2"
"CK21063005032","1408610502727778305","2"
"CK21080201242","1408610504740970497","2"
"CK21062805916","1408610504740970497","2"
"CK21080201370","1408610504774524930","2"
"CK21062905647","1408610504774524930","2"
"CK21072804832","1408610505202343939","1"
"CK21062809207","1408610505202343939","1"
"CK21080200984","1408610505245249537","2"
"CK21062806109","1408610505245249537","2"
"CK21072803342","1408610505266221057","1"
"CK21062810310","1408610505266221057","1"
"CK21062901844","1408610505855778818","2"
"CK21062803169","1408610505893527554","1"
"CK21062901871","1408610505901916166","2"
"CK21072804762","1408610505996029953","2"
"CK21062809255","1408610505996029953","2"
"CK21072807074","1408610506318622721","5"
"CK21063005784","1408610506318622721","5"
"CK21080200020","1408610506448441346","2"
"CK21063000480","1408610506448441346","2"
"CK21062808278","1408610506496139265","2"
"CK21080201629","1408610506610753537","2"
"CK21062805596","1408610506610753537","2"
"CK21062808003","1408610506616213505","2"
"CK21062806716","1408610506628481025","2"
"CK21080203169","1408610506746441730","2"
"CK21062804326","1408610506746441730","2"
"CK21063002518","1408610506828857346","2"
"CK21072804531","1408610506958880770","2"
"CK21063002622","1408610506958880770","2"
"CK21072805073","1408610506983981057","2"
"CK21063002294","1408610506983981057","2"
"CK21072804833","1408610507012038657","2"
"CK21062809206","1408610507012038657","2"
"CK21062806963","1408610507014356994","2"
"CK21080203205","1408610507025924098","2"
"CK21062804302","1408610507025924098","2"
"CK21080200348","1408610507067932674","2"
"CK21063000331","1408610507067932674","2"
"CK21062901421","1408610507270524930","2"
"CK21063003376","1408610507418886145","1"
"CK21072807078","1408610507541823489","2"
"CK21063005782","1408610507541823489","2"
"CK21072806657","1408610507610263553","2"
"CK21063006042","1408610507610263553","2"
"CK21072804317","1408610507958595585","2"
"CK21062904328","1408610507958595585","2"
"CK21063000222","1408610508183617539","2"
"CK21072806768","1408610508441309185","2"
"CK21062904273","1408610508441309185","2"
"CK21063004088","1408610508486873090","2"
"CK21072802662","1408610508486873092","2"
"CK21063003531","1408610508486873092","2"
"CK21063002480","1408610508598853634","2"
"CK21063001364","1408610508621664258","2"
"CK21080200865","1408610508624896002","1"
"CK21062806200","1408610508624896002","1"
"CK21072804771","1408610508645867523","2"
"CK21063002506","1408610508645867523","2"
"CK21072805017","1408610508649185283","1"
"CK21062809068","1408610508649185283","1"
"CK21062903999","1408610508774948865","2"
"CK21072801942","1408610508834611209","2"
"CK21062902905","1408610508834611209","2"
"CK21063002487","1408610508906876930","2"
"CK21072802949","1408610509085392897","2"
"CK21062904473","1408610509085392897","2"
"CK21072805004","1408610509144047618","2"
"CK21062809077","1408610509144047618","2"
"CK21080202770","1408610509223739394","2"
"CK21062804642","1408610509223739394","2"
"CK21063002318","1408610509235019778","2"
"CK21080202231","1408610509442785282","2"
"CK21062903638","1408610509442785282","2"
"CK21072801733","1408610509495066626","2"
"CK21063003943","1408610509495066626","2"
"CK21062900956","1408610509589585921","2"
"CK21080201381","1408610509622198274","2"
"CK21062805805","1408610509622198274","2"
"CK21063000230","1408610509697695745","2"
"CK21062808177","1408610509716377602","2"
"CK21080201604","1408610509744775169","2"
"CK21062805614","1408610509744775169","2"
"CK21062808287","1408610509820661762","2"
"CK21080202407","1408610509832929281","2"
"CK21062804938","1408610509832929281","2"
"CK21063001698","1408610510128406529","2"
"CK21063001666","1408610510561722370","2"
"CK21072804962","1408610510567452674","1"
"CK21062809106","1408610510567452674","1"
"CK21072804934","1408610510697476098","2"
"CK21063002378","1408610510697476098","2"
"CK21062808155","1408610510827499522","2"
"CK21080202508","1408610510833049601","2"
"CK21062804866","1408610510833049601","2"
"CK21062807444","1408610510973706245","2"
"CK21062808304","1408610511393730562","2"
"CK21072807083","1408610511488663553","5"
"CK21063005780","1408610511488663553","5"
"CK21080201885","1408610511580938241","2"
"CK21062805363","1408610511580938241","2"
"CK21062904000","1408610511813160962","1"
"CK21062803062","1408610511930601474","1"
"CK21072804788","1408610512513609730","2"
"CK21062809238","1408610512513609730","2"
"CK21062901097","1408610512534581250","2"
"CK21062807442","1408610512788963329","2"
"CK21062900886","1408610513217658882","2"
"CK21080203356","1408610513221926914","2"
"CK21062804174","1408610513221926914","2"
"CK21063003613","1408610513271242754","2"
"CK21072804664","1408610513313185794","2"
"CK21062809333","1408610513313185794","2"
"CK21062807453","1408610513380360197","2"
"CK21072805911","1408610513447469057","2"
"CK21063006495","1408610513447469057","2"
"CK21063002317","1408610513602658305","1"
"CK21080201961","1408610513636212737","2"
"CK21062805305","1408610513636212737","2"
"CK21063000940","1408610513675227138","2"
"CK21072805001","1408610513809649666","2"
"CK21062904278","1408610513809649666","2"
"CK21080200445","1408610513809649667","2"
"CK21062806519","1408610513809649667","2"
"CK21080200178","1408610514324078593","2"
"CK21063000419","1408610514324078593","2"
"CK21072804716","1408610514329223170","2"
"CK21062809289","1408610514329223170","2"
"CK21072801607","1408610514358583297","5"
"CK21062903229","1408610514358583297","5"
"CK21072806825","1408610514554765314","2"
"CK21062904251","1408610514554765314","2"
"CK21062905326","1408610514781257729","2"
"CK21072805071","1408610514874408962","1"
"CK21062809023","1408610514874408962","1"
"CK21072807197","1408610515053821953","2"
"CK21063005708","1408610515053821953","2"
"CK21072801865","1408610515092512770","2"
"CK21063003884","1408610515092512770","2"
"CK21080200332","1408610515169959938","2"
"CK21063000340","1408610515169959938","2"
"CK21063000671","1408610515441233921","2"
"CK21080200347","1408610515897892866","2"
"CK21063000332","1408610515897892866","2"
"CK21063002367","1408610516095913990","2"
"CK21063001025","1408610516375969793","2"
"CK21072804314","1408610516653756418","5"
"CK21062809600","1408610516653756418","5"
"CK21080200793","1408610516850315266","1"
"CK21062905912","1408610516850315266","1"
"CK21072804936","1408610516875091969","2"
"CK21062809124","1408610516875091969","2"
"CK21063000306","1408610516904452097","1"
"CK21063001455","1408610516980543489","2"
"CK21062808060","1408610517064798209","2"
"CK21062807524","1408610517169287169","2"
"CK21080203296","1408610517278339073","1"
"CK21062804223","1408610517278339073","1"
"CK21062807169","1408610517363580930","5"
"CK21072804890","1408610517424545793","1"
"CK21062809157","1408610517424545793","1"
"CK21080200692","1408610517425508353","1"
"CK21062806322","1408610517425508353","1"
"CK21072804897","1408610517613883393","1"
"CK21062809152","1408610517613883393","1"
"CK21072804918","1408610517850120193","1"
"CK21062904288","1408610517850120193","1"
"CK21062905787","1408610517991739394","2"
"CK21062807309","1408610518066274305","2"
"CK21063002464","1408610518113374210","2"
"CK21072804946","1408610518182772737","2"
"CK21063002365","1408610518182772737","2"
"CK21063001711","1408610518427578369","1"
"CK21062808027","1408610518688980993","2"
"CK21080200851","1408610518733168641","2"
"CK21062806209","1408610518733168641","2"
"CK21080201234","1408610519045496833","2"
"CK21062805925","1408610519045496833","2"
"CK21062802778","1408610519076159489","5"
"CK21063003436","1408610519144284162","1"
"CK21080200925","1408610519227219969","1"
"CK21062903805","1408610519227219969","1"
"CK21072805225","1408610519417802753","1"
"CK21062808910","1408610519417802753","1"
"CK21072805228","1408610519455182850","2"
"CK21062808908","1408610519455182850","2"
"CK21080201508","1408610519915962370","1"
"CK21062805691","1408610519915962370","1"
"CK21072805105","1408610519936057345","1"
"CK21062809001","1408610519936057345","1"
"CK21063004256","1408610520228290561","2"
"CK21072805217","1408610520422596610","2"
"CK21062808916","1408610520422596610","2"
"CK21072805186","1408610520681275393","2"
"CK21062808944","1408610520681275393","2"
"CK21072802590","1408610520806117377","2"
"CK21062904510","1408610520806117377","2"
"CK21072806824","1408610521196187649","2"
"CK21062904252","1408610521196187649","2"
"CK21063000638","1408610521563381761","2"
"CK21072802905","1408610521664987137","1"
"CK21063003391","1408610521664987137","1"
"CK21063003400","1408610521847291906","2"
"CK21062807320","1408610522058375169","2"
"CK21072805078","1408610522119921666","2"
"CK21063002292","1408610522119921666","2"
"CK21080202452","1408610522322616321","1"
"CK21062905052","1408610522322616321","1"
"CK21072803652","1408610522330939394","2"
"CK21062810101","1408610522330939394","2"
"CK21072802585","1408610522473611266","2"
"CK21063003566","1408610522473611266","2"
"CK21072805961","1408610522822615042","2"
"CK21063004119","1408610522822615042","2"
"CK21072802589","1408610523453710338","5"
"CK21062904511","1408610523453710338","5"
"CK21063000742","1408610523669864450","2"
"CK21072807516","1408610524145770497","2"
"CK21063005540","1408610524145770497","2"
"CK21072806795","1408610524219707393","2"
"CK21063005949","1408610524219707393","2"
"CK21063001079","1408610524559130626","1"
"CK21063004923","1408610524642942978","2"
"CK21062900749","1408610524723023874","2"
"CK21072806797","1408610525105278978","2"
"CK21063005948","1408610525105278978","2"
"CK21072803005","1408610525279535106","2"
"CK21063003323","1408610525279535106","2"
"CK21072805557","1408610525390491650","1"
"CK21063006699","1408610525390491650","1"
"CK21062904721","1408610525480927234","1"
"CK21072802900","1408610525675130882","2"
"CK21062810657","1408610525675130882","2"
"CK21072802568","1408610526016430081","2"
"CK21062902424","1408610526016430081","2"
"CK21062905965","1408610526082551809","2"
"CK21063001096","1408610526090366977","2"
"CK21062807229","1408610526198087682","2"
"CK21062807247","1408610526378442754","2"
"CK21072802034","1408610526426116097","5"
"CK21062902831","1408610526426116097","5"
"CK21072804701","1408610526448443393","2"
"CK21062809303","1408610526448443393","2"
"CK21080201713","1408610526513602561","2"
"CK21062805525","1408610526513602561","2"
"CK21072802899","1408610526526779393","2"
"CK21062810659","1408610526526779393","2"
"CK21072806057","1408610526538842114","2"
"CK21063006410","1408610526538842114","2"
"CK21062807596","1408610526556508161","2"
"CK21072807384","1408610526688886786","2"
"CK21063005614","1408610526688886786","2"
"CK21072805118","1408610526798888961","2"
"CK21062808994","1408610526798888961","2"
"CK21072805038","1408610527042473985","2"
"CK21063002306","1408610527042473985","2"
"CK21063000674","1408610527235411970","2"
"CK21062806972","1408610527327297537","5"
"CK21062900904","1408610527355715585","2"
"CK21062807333","1408610527444811777","2"
"CK21063005515","1408610527519293442","2"
"CK21072805026","1408610527528697858","2"
"CK21062809060","1408610527528697858","2"
"CK21062807684","1408610527566372865","5"
"CK21072805175","1408610527696470017","2"
"CK21063002239","1408610527696470017","2"
"CK21063002334","1408610527834808321","2"
"CK21072806803","1408610528051970050","2"
"CK21063005945","1408610528051970050","2"
"CK21062807115","1408610528088416257","1"
"CK21063004297","1408610528090734593","2"
"CK21062807144","1408610528288182273","5"
"CK21072806838","1408610528569774082","1"
"CK21063004195","1408610528569774082","1"
"CK21080200382","1408610528579149825","2"
"CK21062806556","1408610528579149825","2"
"CK21072805451","1408610528645271553","2"
"CK21062808759","1408610528645271553","2"
"CK21072805155","1408610528648503297","2"
"CK21062808967","1408610528648503297","2"
"CK21062807133","1408610528649465858","2"
"CK21072805157","1408610528658841601","2"
"CK21062808961","1408610528658841601","2"
"CK21062903619","1408610528752418818","2"
"CK21072803939","1408610528912744450","2"
"CK21062809882","1408610528912744450","2"
"CK21063000772","1408610528917901313","2"
"CK21062807238","1408610529068527618","1"
"CK21080203360","1408610529108934657","1"
"CK21062804167","1408610529108934657","1"
"CK21062805523","1408610529160282113","2"
"CK21080203270","1408610529253076994","2"
"CK21062904676","1408610529253076994","2"
"CK21063005351","1408610529416134657","2"
"CK21063000697","1408610529451565058","2"
"CK21080201200","1408610529701273602","2"
"CK21062805953","1408610529701273602","2"
"CK21062900814","1408610529712979969","2"
"CK21062903303","1408610529928728577","2"
"CK21072805131","1408610529969782785","2"
"CK21062808982","1408610529969782785","2"
"CK21080200210","1408610530036817925","2"
"CK21063000399","1408610530036817925","2"
"CK21063002688","1408610530044264449","2"
"CK21072804407","1408610530101682178","2"
"CK21062809535","1408610530101682178","2"
"CK21072806870","1408610530356547586","2"
"CK21063005912","1408610530356547586","2"
"CK21072804713","1408610530413363201","2"
"CK21062809292","1408610530413363201","2"
"CK21072805257","1408610530554667009","2"
"CK21062808880","1408610530554667009","2"
"CK21063002211","1408610530694447106","2"
"CK21062905800","1408610530703785985","2"
"CK21072806889","1408610530968342534","2"
"CK21063005900","1408610530968342534","2"
"CK21062900752","1408610531061190657","2"
"CK21063002540","1408610531074760706","5"
"CK21062905796","1408610531366801409","1"
"CK21062808402","1408610531379957762","2"
"CK21072805394","1408610531513806850","2"
"CK21062808799","1408610531513806850","2"
"CK21080201250","1408610531526758401","2"
"CK21062805910","1408610531526758401","2"
"CK21063000783","1408610531646488577","2"
"CK21062807146","1408610531676790786","2"
"CK21072806641","1408610531709468674","2"
"CK21063006053","1408610531709468674","2"
"CK21062903770","1408610531736473601","2"
"CK21072805265","1408610531819786241","2"
"CK21062808876","1408610531819786241","2"
"CK21062905867","1408610531861729282","2"
"CK21062807248","1408610531987558402","2"
"CK21072802030","1408610531994681346","2"
"CK21062902835","1408610531994681346","2"
"CK21063004785","1408610532175036418","2"
"CK21062803520","1408610532470108161","2"
"CK21062903962","1408610532533022722","2"
"CK21063002078","1408610532556652545","2"
"CK21072805240","1408610532700274689","2"
"CK21063002210","1408610532700274689","2"
"CK21072805472","1408610532755116034","2"
"CK21063002061","1408610532755116034","2"
"CK21063001696","1408610532812570626","2"
"CK21063002204","1408610532900651009","2"
"CK21080202331","1408610533061505026","2"
"CK21062804992","1408610533061505026","2"
"CK21063002209","1408610533112205313","2"
"CK21063000782","1408610533455564802","2"
"CK21062905132","1408610533640318978","2"
"CK21072806869","1408610533813641218","2"
"CK21063005913","1408610533813641218","2"
"CK21063005424","1408610534005592066","2"
"CK21062900949","1408610534087639042","2"
"CK21072807177","1408610534146293761","2"
"CK21063005721","1408610534146293761","2"
"CK21080202332","1408610534483374082","2"
"CK21062905134","1408610534483374082","2"
"CK21080203749","1408610534487363586","2"
"CK21062901663","1408610534487363586","2"
"CK21063001862","1408610534533500930","5"
"CK21072805978","1408610534578307073","2"
"CK21063004127","1408610534578307073","2"
"CK21062905410","1408610534595149826","2"
"CK21080202329","1408610534663135234","1"
"CK21062905136","1408610534663135234","1"
"CK21062807688","1408610534741884930","2"
"CK21072805962","1408610534781169666","2"
"CK21063006465","1408610534781169666","2"
"CK21080200213","1408610534823481346","2"
"CK21063000397","1408610534823481346","2"
"CK21062807423","1408610534872924161","2"
"CK21072802797","1408610534885507073","2"
"CK21063003457","1408610534885507073","2"
"CK21063004747","1408610534902284289","2"
"CK21072806168","1408610534909722625","2"
"CK21063006343","1408610534909722625","2"
"CK21062808698","1408610534910599169","2"
"CK21080202069","1408610535045779457","1"
"CK21062905234","1408610535045779457","1"
"CK21063003099","1408610535082639362","1"
"CK21063002177","1408610535161315330","5"
"CK21063004804","1408610535172595714","2"
"CK21072805395","1408610535272271873","2"
"CK21062808798","1408610535272271873","2"
"CK21062807387","1408610535280087041","1"
"CK21072803699","1408610535309447170","2"
"CK21062810057","1408610535309447170","2"
"CK21072806792","1408610535321714689","2"
"CK21063005951","1408610535321714689","2"
"CK21062903828","1408610535341670401","2"
"CK21072805503","1408610535375224834","2"
"CK21063002048","1408610535375224834","2"
"CK21080201817","1408610535548207105","1"
"CK21062905344","1408610535548207105","1"
"CK21072806562","1408610535573372929","2"
"CK21063006118","1408610535573372929","2"
"CK21080201043","1408610535579443201","2"
"CK21062806071","1408610535579443201","2"
"CK21080200754","1408610535607447553","2"
"CK21062905928","1408610535607447553","2"
"CK21072805305","1408610535812374530","2"
"CK21062808864","1408610535812374530","2"
"CK21063002921","1408610535846318081","2"
"CK21062903792","1408610535855280130","2"
"CK21063001191","1408610535963963393","2"
"CK21072805352","1408610536286720002","2"
"CK21062808820","1408610536286720002","2"
"CK21062807385","1408610536298037250","2"
"CK21072805478","1408610536335720450","2"
"CK21062904223","1408610536335720450","2"
"CK21063001871","1408610536375005186","2"
"CK21062901653","1408610536386052098","5"
"CK21080201483","1408610536397332481","2"
"CK21062805715","1408610536397332481","2"
"CK21072805491","1408610536428937218","2"
"CK21062808736","1408610536428937218","2"
"CK21062807787","1408610536438288385","2"
"CK21080202663","1408610536570601474","1"
"CK21062904964","1408610536570601474","1"
"CK21080200721","1408610536599961602","2"
"CK21062806300","1408610536599961602","2"
"CK21072805489","1408610536623824897","5"
"CK21063002052","1408610536623824897","5"
"CK21072805718","1408610537050083330","2"
"CK21062904611","1408610537050083330","2"
"CK21080200049","1408610537083322370","1"
"CK21062806838","1408610537083322370","1"
"CK21072807444","1408610537131335682","2"
"CK21063005584","1408610537131335682","2"
"CK21063004059","1408610537150951425","2"
"CK21080200747","1408610537268391938","5"
"CK21062905933","1408610537268391938","5"
"CK21063000964","1408610537283633154","2"
"CK21062808092","1408610537309814786","2"
"CK21072806863","1408610537396879361","1"
"CK21063004156","1408610537396879361","1"
"CK21072805346","1408610537456615426","2"
"CK21063002151","1408610537456615426","2"
"CK21063002059","1408610537542377473","2"
"CK21072802026","1408610537595916289","2"
"CK21062902836","1408610537595916289","2"
"CK21062807451","1408610538061484033","2"
"CK21062903655","1408610538233450498","2"
"CK21072806985","1408610538430214145","1"
"CK21063005841","1408610538430214145","1"
"CK21080203038","1408610538673278977","2"
"CK21062904798","1408610538673278977","2"
"CK21063001276","1408610538704199681","2"
"CK21072801648","1408610538713890817","2"
"CK21062903191","1408610538713890817","2"
"CK21062802855","1408610538933899265","2"
"CK21062808520","1408610539034562562","2"
"CK21063001897","1408610539063033858","2"
"CK21080203617","1408610539160391682","1"
"CK21062803968","1408610539160391682","1"
"CK21062807495","1408610539172012034","2"
"CK21063004378","1408610539460476929","2"
"CK21072805314","1408610539663339522","2"
"CK21062808866","1408610539663339522","2"
"CK21080202418","1408610539703746562","2"
"CK21062804929","1408610539703746562","2"
"CK21072806972","1408610539713466370","1"
"CK21063001900","1408610539713466370","1"
"CK21063000999","1408610539716395009","2"
"CK21063001882","1408610539784454145","1"
"CK21080201363","1408610539810508802","2"
"CK21062805819","1408610539810508802","2"
"CK21072802792","1408610539833835521","2"
"CK21062810733","1408610539833835521","2"
"CK21062901685","1408610539947081730","2"
"CK21072806026","1408610540011835394","2"
"CK21063006429","1408610540011835394","2"
"CK21072807302","1408610540215517185","2"
"CK21063005654","1408610540215517185","2"
"CK21072805348","1408610540291964929","2"
"CK21062808823","1408610540291964929","2"
"CK21072905086","1408610540380934146","2"
"CK21063001925","1408610540380934146","2"
"CK21080202426","1408610540909416449","2"
"CK21062905066","1408610540909416449","2"
"CK21072805306","1408610541110743041","1"
"CK21062904246","1408610541110743041","1"
"CK21062808089","1408610541232377857","2"
"CK21062803371","1408610541341429761","2"
"CK21062803367","1408610541403455490","2"
"CK21072805973","1408610541424427010","2"
"CK21062904508","1408610541424427010","2"
"CK21072802289","1408610541508833282","1"
"CK21062902628","1408610541508833282","1"
"CK21080201973","1408610541550776322","1"
"CK21062805297","1408610541550776322","1"
"CK21062903393","1408610541623435266","1"
"CK21063001923","1408610541774430210","2"
"CK21063000528","1408610542054092801","2"
"CK21063004889","1408610542158950402","2"
"CK21072805333","1408610542195228673","2"
"CK21063002154","1408610542195228673","2"
"CK21062808158","1408610542401699841","2"
"CK21062808129","1408610542493900801","1"
"CK21062807459","1408610542585298946","2"
"CK21072805349","1408610542858878977","2"
"CK21062808824","1408610542858878977","2"
"CK21072807150","1408610542931070978","5"
"CK21062904141","1408610542931070978","5"
"CK21062808138","1408610543228866561","5"
"CK21062808113","1408610543289876481","2"
"CK21063004109","1408610543310848002","2"
"CK21080204006","1408610543347294210","2"
"CK21062901513","1408610543347294210","2"
"CK21072805343","1408610543456346113","2"
"CK21062808828","1408610543456346113","2"
"CK21063001563","1408610543484719105","2"
"CK21062901331","1408610543627325441","2"
"CK21063001560","1408610543721955330","2"
"CK21062900798","1408610543763832834","2"
"CK21062810686","1408610543848660993","2"
"CK21062807508","1408610543899955201","2"
"CK21072807108","1408610543986130945","2"
"CK21062904155","1408610543986130945","2"
"CK21080200669","1408610544011362306","2"
"CK21062806342","1408610544011362306","2"
"CK21080201499","1408610544020627458","2"
"CK21062805700","1408610544020627458","2"
"CK21072806022","1408610544026771458","2"
"CK21063006431","1408610544026771458","2"
"CK21080201881","1408610544040656898","2"
"CK21062805370","1408610544040656898","2"
"CK21063001600","1408610544067153922","2"
"CK21063000460","1408610544067358722","2"
"CK21080204009","1408610544306434049","5"
"CK21062901510","1408610544306434049","5"
"CK21080200998","1408610544352366594","1"
"CK21062806098","1408610544352366594","1"
"CK21062803054","1408610544476864513","2"
"CK21062803504","1408610544504922113","2"
"CK21080201819","1408610544577593346","2"
"CK21062905342","1408610544577593346","2"
"CK21062807043","1408610544743997444","2"
"CK21072802228","1408610544754630658","2"
"CK21062902664","1408610544754630658","2"
"CK21063001634","1408610544784379905","2"
"CK21080200050","1408610544797536257","2"
"CK21062806837","1408610544797536257","2"
"CK21062808198","1408610544941129730","2"
"CK21063001531","1408610545052499969","2"
"CK21062900802","1408610545136906242","2"
"CK21080202277","1408610545149489153","2"
"CK21062905171","1408610545149489153","2"
"CK21063003930","1408610545208578050","2"
"CK21062808215","1408610545248616450","2"
"CK21072807121","1408610545300279297","1"
"CK21063005755","1408610545300279297","1"
"CK21072805752","1408610545454202890","2"
"CK21063006586","1408610545454202890","2"
"CK21072807102","1408610545746436097","5"
"CK21063005766","1408610545746436097","5"
"CK21063003490","1408610545840078849","2"
"CK21080201985","1408610545842905090","2"
"CK21062903668","1408610545842905090","2"
"CK21062808216","1408610545932353537","2"
"CK21063001606","1408610545992339458","5"
"CK21062807566","1408610546038161409","2"
"CK21063001023","1408610546136506370","2"
"CK21072805851","1408610546313969665","2"
"CK21063006529","1408610546313969665","2"
"CK21062807120","1408610546457907201","2"
"CK21063000524","1408610546753069057","2"
"CK21062802899","1408610547025698818","2"
"CK21072807418","1408610547048914946","2"
"CK21063005596","1408610547048914946","2"
"CK21062803140","1408610547068944386","2"
"CK21080201349","1408610547100209153","2"
"CK21062805831","1408610547100209153","2"
"CK21072802598","1408610547225075714","2"
"CK21062902404","1408610547225075714","2"
"CK21062903877","1408610547242815489","2"
"CK21062808340","1408610547267981314","2"
"CK21062803215","1408610547305730050","5"
"CK21063000533","1408610547457712130","2"
"CK21072803673","1408610547498094593","2"
"CK21062810083","1408610547498094593","2"
"CK21080203674","1408610547514871809","2"
"CK21062901715","1408610547514871809","2"
"CK21072803562","1408610547920453634","1"
"CK21063003105","1408610547920453634","1"
"CK21080201902","1408610547928776706","1"
"CK21062805358","1408610547928776706","1"
"CK21063000851","1408610547963273218","2"
"CK21062810586","1408610547968430082","2"
"CK21072804042","1408610547988828162","2"
"CK21062809809","1408610547988828162","2"
"CK21063002432","1408610548239155201","1"
"CK21072804015","1408610548545339394","1"
"CK21062809828","1408610548545339394","1"
"CK21072803013","1408610548651139073","1"
"CK21063003318","1408610548651139073","1"
"CK21063003611","1408610548782125057","2"
"CK21063001718","1408610548987645953","2"
"CK21080203413","1408610549140930565","2"
"CK21062804125","1408610549140930565","2"
"CK21062803131","1408610549171826690","2"
"CK21080203664","1408610549490073605","1"
"CK21062803930","1408610549490073605","1"
"CK21062901083","1408610549579042818","2"
"CK21063001740","1408610549654171650","2"
"CK21072807097","1408610549695520769","2"
"CK21062904160","1408610549695520769","2"
"CK21072803029","1408610549775286274","2"
"CK21062810566","1408610549775286274","2"
"CK21062808139","1408610549800767490","2"
"CK21072804465","1408610549901041665","2"
"CK21062809484","1408610549901041665","2"
"CK21072802600","1408610549957517317","2"
"CK21062902402","1408610549957517317","2"
"CK21062807336","1408610550224392194","2"
"CK21072802309","1408610550391775233","5"
"CK21063003695","1408610550391775233","5"
"CK21062905709","1408610550403481602","2"
"CK21063004746","1408610550743220225","2"
"CK21080201212","1408610550795390977","2"
"CK21062805943","1408610550795390977","2"
"CK21080203610","1408610551005106178","2"
"CK21062803974","1408610551005106178","2"
"CK21080200251","1408610551118352386","2"
"CK21062806662","1408610551118352386","2"
"CK21062901333","1408610551234904065","2"
"CK21062807363","1408610551306207238","2"
"CK21072802991","1408610551495266305","2"
"CK21063003332","1408610551495266305","2"
"CK21062807101","1408610551559741442","1"
"CK21062803157","1408610551717769218","5"
"CK21072805846","1408610551733952514","5"
"CK21062904566","1408610551733952514","5"
"CK21063002530","1408610551767896066","2"
"CK21072805374","1408610551812767745","2"
"CK21062808812","1408610551812767745","2"
"CK21072806013","1408610552136994818","2"
"CK21063006436","1408610552136994818","2"
"CK21072803025","1408610552172109825","2"
"CK21062810569","1408610552172109825","2"
"CK21072806926","1408610552311824386","5"
"CK21063001988","1408610552311824386","5"
"CK21062903365","1408610552352464898","1"
"CK21072802225","1408610552426012674","2"
"CK21062904565","1408610552426012674","2"
"CK21062803418","1408610552492179457","5"
"CK21063003703","1408610552578957313","2"
"CK21072807091","1408610552741548033","2"
"CK21063005774","1408610552741548033","2"
"CK21063002438","1408610552853831681","1"
"CK21062806936","1408610552883580930","2"
"CK21063000715","1408610552917708801","2"
"CK21062901070","1408610552940969985","2"
"CK21080202266","1408610552970330113","2"
"CK21062905174","1408610552970330113","2"
"CK21072807469","1408610553505898498","5"
"CK21063000931","1408610553505898498","5"
"CK21072806034","1408610553516531714","2"
"CK21063003460","1408610553516531714","2"
"CK21063005071","1408610553571057666","2"
"CK21072804462","1408610553709543426","2"
"CK21062809487","1408610553709543426","2"
"CK21072806052","1408610553809256449","2"
"CK21062904482","1408610553809256449","2"
"CK21062900698","1408610554140540929","2"
"CK21062900932","1408610554210541569","2"
"CK21062903963","1408610554350321665","2"
"CK21072805366","1408610554527432706","2"
"CK21063002140","1408610554527432706","2"
"CK21080202260","1408610554614562818","2"
"CK21062805039","1408610554614562818","2"
"CK21072807494","1408610555093979138","1"
"CK21063005553","1408610555093979138","1"
"CK21080203716","1408610555157098498","5"
"CK21062803896","1408610555157098498","5"
"CK21062901802","1408610555340111873","2"
"CK21063004578","1408610555566604290","5"
"CK21080202492","1408610555617001473","2"
"CK21062804878","1408610555617001473","2"
"CK21063002130","1408610555795988481","2"
"CK21080202147","1408610556020920321","2"
"CK21062905209","1408610556020920321","2"
"CK21080203304","1408610556238635009","2"
"CK21062904663","1408610556238635009","2"
"CK21062803459","1408610556247617537","2"
"CK21080202515","1408610556422242305","2"
"CK21062804860","1408610556422242305","2"
"CK21062808671","1408610556714541057","2"
"CK21072802994","1408610556944240641","5"
"CK21062810597","1408610556944240641","5"
"CK21072803508","1408610557010776070","2"
"CK21062810219","1408610557010776070","2"
"CK21072802290","1408610557174038530","2"
"CK21063003710","1408610557174038530","2"
"CK21062905404","1408610557270507521","1"
"CK21072803671","1408610557340794882","2"
"CK21062810087","1408610557340794882","2"
"CK21062905772","1408610557445718017","5"
"CK21080202646","1408610557602377729","2"
"CK21062804746","1408610557602377729","2"
"CK21062903689","1408610557686059010","2"
"CK21072804437","1408610557736964097","2"
"CK21063002680","1408610557736964097","2"
"CK21080203008","1408610557802233858","2"
"CK21062903553","1408610557802233858","2"
"CK21072806560","1408610557845647362","2"
"CK21063004097","1408610557845647362","2"
"CK21072803647","1408610557866987522","2"
"CK21062904390","1408610557866987522","2"
"CK21063001337","1408610558053826562","2"
"CK21062901199","1408610558260678657","2"
"CK21072805525","1408610558393565186","2"
"CK21062808713","1408610558393565186","2"
"CK21072804007","1408610558517104642","2"
"CK21063002890","1408610558517104642","2"
"CK21062901205","1408610558590697473","2"
"CK21062903527","1408610558843891713","5"
"CK21062808051","1408610558992048129","2"
"CK21063004946","1408610559194742785","2"
"CK21072807059","1408610559238524929","5"
"CK21063005793","1408610559238524929","5"
"CK21062900953","1408610559430889474","2"
"CK21062808179","1408610559846330370","2"
"CK21063001932","1408610560005713922","2"
"CK21080201115","1408610560169086978","1"
"CK21062806015","1408610560169086978","1"
"CK21080201662","1408610560208396290","2"
"CK21062905393","1408610560208396290","2"
"CK21063005427","1408610560511754241","5"
"CK21072807523","1408610560651116547","2"
"CK21063000822","1408610560651116547","2"
"CK21062901212","1408610561023459330","2"
"CK21063001716","1408610561069531138","2"
"CK21062807670","1408610561192497154","2"
"CK21072806204","1408610561215029250","1"
"CK21063006320","1408610561215029250","1"
"CK21062901209","1408610561301753858","2"
"CK21063001041","1408610561376731138","2"
"CK21062900699","1408610561679036417","2"
"CK21080202858","1408610561909334017","2"
"CK21062804579","1408610561909334017","2"
"CK21072807365","1408610562035552257","2"
"CK21063005622","1408610562035552257","2"
"CK21062807280","1408610562345541634","2"
"CK21080200088","1408610562622439425","5"
"CK21062806806","1408610562622439425","5"
"CK21072801631","1408610563113172994","5"
"CK21062903211","1408610563113172994","5"
"CK21063000448","1408610563150848002","2"
"CK21072807306","1408610563192791042","2"
"CK21063005652","1408610563192791042","2"
"CK21080200874","1408610563377414145","2"
"CK21062905864","1408610563377414145","2"
"CK21080202859","1408610563515752450","2"
"CK21062804578","1408610563515752450","2"
"CK21072807530","1408610563574546434","2"
"CK21062903972","1408610563574546434","2"
"CK21062901196","1408610563906211842","1"
"CK21063004715","1408610563988832258","2"
"CK21072805866","1408610564174331905","2"
"CK21063006523","1408610564174331905","2"
"CK21072806265","1408610564304670721","2"
"CK21063006289","1408610564304670721","2"
"CK21062900973","1408610564338798593","2"
"CK21080203515","1408610564615254017","5"
"CK21062804035","1408610564615254017","5"
"CK21063001491","1408610564791783426","2"
"CK21080201654","1408610564963176450","2"
"CK21062805573","1408610564963176450","2"
"CK21063002629","1408610564992147457","2"
"CK21062808358","1408610565037342722","2"
"CK21062807104","1408610565041602561","2"
"CK21072807536","1408610565072433153","2"
"CK21063005531","1408610565072433153","2"
"CK21062905238","1408610565114744833","2"
"CK21062900787","1408610565181280258","1"
"CK21062802994","1408610565252194306","1"
"CK21072900857","1408610565351915521","2"
"CK21062905592","1408610565351915521","2"
"CK21062808350","1408610565473615874","2"
"CK21063001293","1408610565667504130","5"
"CK21063001747","1408610565737857025","2"
"CK21080203578","1408610565772288001","2"
"CK21062804000","1408610565772288001","2"
"CK21080203942","1408610566081789953","2"
"CK21062803754","1408610566081789953","2"
"CK21062905219","1408610566309158914","1"
"CK21080203919","1408610566384656385","2"
"CK21062803766","1408610566384656385","2"
"CK21063000236","1408610566411771906","2"
"CK21072805440","1408610566673121282","2"
"CK21062808765","1408610566673121282","2"
"CK21062803267","1408610566762143745","2"
"CK21080201673","1408610566881533953","2"
"CK21062805556","1408610566881533953","2"
"CK21072805882","1408610567116414978","2"
"CK21063003680","1408610567116414978","2"
"CK21080202732","1408610567160602626","2"
"CK21062904933","1408610567160602626","2"
"CK21062901016","1408610567404261378","2"
"CK21063005444","1408610567637876738","2"
"CK21080203630","1408610568159440897","2"
"CK21062901742","1408610568159440897","2"
"CK21062903677","1408610568499179521","2"
"CK21063005486","1408610568562462721","2"
"CK21062808611","1408610568796770306","2"
"CK21080203080","1408610568848662529","1"
"CK21062904768","1408610568848662529","1"
"CK21072806230","1408610569048428545","1"
"CK21062904423","1408610569048428545","1"
"CK21063004153","1408610569148776449","2"
"CK21062901019","1408610569282994178","2"
"CK21072804516","1408610569386901505","1"
"CK21063002634","1408610569386901505","1"
"CK21062806930","1408610569442304001","5"
"CK21063001324","1408610569595248642","2"
"CK21080200243","1408610569606475777","2"
"CK21063000384","1408610569606475777","2"
"CK21063003665","1408610569659531266","2"
"CK21080202709","1408610569739223041","1"
"CK21062904943","1408610569739223041","1"
"CK21062904935","1408610569841725442","2"
"CK21072802416","1408610570034294785","2"
"CK21063003635","1408610570034294785","2"
"CK21062904034","1408610570246733825","2"
"CK21063005119","1408610570428928002","2"
"CK21062807623","1408610571022614529","2"
"CK21080202383","1408610571065499649","2"
"CK21062903618","1408610571065499649","2"
"CK21063004670","1408610571103637506","2"
"CK21080202619","1408610571285553153","1"
"CK21062904989","1408610571285553153","1"
"CK21063001391","1408610571317157890","2"
"CK21080200875","1408610571346518018","2"
"CK21062806201","1408610571346518018","2"
"CK21080202306","1408610571464552449","2"
"CK21062903625","1408610571464552449","2"
"CK21062901727","1408610571519447041","2"
"CK21062901403","1408610571552038914","2"
"CK21062905577","1408610571966398466","2"
"CK21062807982","1408610571996708865","2"
"CK21080203917","1408610572189646850","2"
"CK21062901564","1408610572189646850","2"
"CK21062803106","1408610572910993409","1"
"CK21080203605","1408610572925526017","2"
"CK21062803976","1408610572925526017","2"
"CK21080201055","1408610573287604225","2"
"CK21062806063","1408610573287604225","2"
"CK21062808618","1408610573418893314","5"
"CK21063000510","1408610573419466753","2"
"CK21080201028","1408610573439475714","2"
"CK21062806084","1408610573439475714","2"
"CK21080203896","1408610573452447746","5"
"CK21062901573","1408610573452447746","5"
"CK21072807163","1408610573485613058","2"
"CK21063005732","1408610573485613058","2"
"CK21080202436","1408610573506584578","2"
"CK21062804916","1408610573506584578","2"
"CK21063001444","1408610573537894401","2"
"CK21072802273","1408610573545295874","2"
"CK21062902639","1408610573545295874","2"
"CK21063000802","1408610573566267394","5"
"CK21062901404","1408610573582155777","1"
"CK21062901047","1408610573588226050","2"
"CK21072803284","1408610573767225345","2"
"CK21062810355","1408610573767225345","2"
"CK21062901065","1408610573880266753","2"
"CK21062901734","1408610573993197570","2"
"CK21062808615","1408610574156775425","1"
"CK21072802780","1408610574204788737","2"
"CK21062810745","1408610574204788737","2"
"CK21063000913","1408610574211821569","2"
"CK21062803603","1408610574222934017","5"
"CK21062901681","1408610574458765315","2"
"CK21063001949","1408610574458765316","2"
"CK21063004333","1408610574878195713","2"
"CK21080202849","1408610574950387714","2"
"CK21062904880","1408610574950387714","2"
"CK21080200981","1408610575019786242","2"
"CK21062905821","1408610575019786242","2"
"CK21062905677","1408610575137292289","2"
"CK21072805487","1408610575342747649","5"
"CK21062808738","1408610575342747649","5"
"CK21072802264","1408610575549210625","1"
"CK21063003721","1408610575549210625","1"
"CK21062807593","1408610575717371906","2"
"CK21080203944","1408610575720300545","2"
"CK21062901545","1408610575720300545","2"
"CK21072802805","1408610575809331202","2"
"CK21062810725","1408610575809331202","2"
"CK21063003061","1408610575888949249","2"
"CK21062803109","1408610576660701186","2"
"CK21072807264","1408610577939963905","2"
"CK21062904104","1408610577939963905","2"
"CK21062903478","1408610577943281667","2"
"CK21080200852","1408610577943281668","2"
"CK21062903812","1408610577943281668","2"
"CK21062903660","1408610578020044802","2"
"CK21063003445","1408610578091032578","2"
"CK21072803139","1408610578236882946","2"
"CK21063003288","1408610578236882946","2"
"CK21062803164","1408610578795601921","2"
"CK21063003681","1408610579005390850","2"
"CK21080200089","1408610579029540865","2"
"CK21062806805","1408610579029540865","2"
"CK21080201522","1408610579184730114","2"
"CK21062905448","1408610579184730114","2"
"CK21072802257","1408610579433525250","1"
"CK21063003726","1408610579433525250","1"
"CK21080200431","1408610579485417473","2"
"CK21062806530","1408610579485417473","2"
"CK21062901348","1408610579565109250","5"
"CK21072802800","1408610579667140610","2"
"CK21062810729","1408610579667140610","2"
"CK21063005114","1408610580482306050","5"
"CK21062808196","1408610580493352962","5"
"CK21062901672","1408610580626268162","2"
"CK21062905678","1408610580633669634","2"
"CK21062903323","1408610580805062660","2"
"CK21080200848","1408610580812185601","2"
"CK21062903813","1408610580812185601","2"
"CK21080200848","1408610580812185601","2"
"CK21062903813","1408610580812185601","2"
"CK21062900940","1408610580816379906","2"
"CK21063004309","1408610581232881665","1"
"CK21062901675","1408610581247025153","2"
"CK21063003992","1408610581455179778","2"
"CK21063001074","1408610581543464962","2"
"CK21062807332","1408610581564805122","2"
"CK21080202534","1408610581597786121","2"
"CK21062905014","1408610581597786121","2"
"CK21062905551","1408610581609103362","2"
"CK21072805878","1408610581655175173","2"
"CK21063004118","1408610581655175173","2"
"CK21062808250","1408610581695815681","1"
"CK21072802393","1408610581714837506","5"
"CK21063003641","1408610581714837506","5"
"CK21072802774","1408610581740965890","1"
"CK21062810749","1408610581740965890","1"
"CK21063003469","1408610581800673285","2"
"CK21072802773","1408610581802917890","2"
"CK21063003471","1408610581802917890","2"
"CK21062807925","1408610581807112193","2"
"CK21072802783","1408610581818818576","2"
"CK21063003466","1408610581818818576","2"
"CK21080203545","1408610581820289025","2"
"CK21062903496","1408610581820289025","2"
"CK21072802321","1408610581840740355","2"
"CK21063003686","1408610581840740355","2"
"CK21062807265","1408610581874294785","5"
"CK21080202392","1408610581881667585","5"
"CK21062905087","1408610581881667585","5"
"CK21062900927","1408610581953912835","2"
"CK21072807111","1408610582129131521","2"
"CK21063005760","1408610582129131521","2"
"CK21072802318","1408610582297919489","2"
"CK21063003690","1408610582297919489","2"
"CK21072803411","1408610582330458113","2"
"CK21062902255","1408610582330458113","2"
"CK21063001350","1408610582376660994","1"
"CK21072804523","1408610582833774593","2"
"CK21062904310","1408610582833774593","2"
"CK21063001850","1408610582839873538","2"
"CK21062803167","1408610582934503425","2"
"CK21062901671","1408610582943768578","2"
"CK21062903339","1408610582982479875","2"
"CK21080202372","1408610582985785345","1"
"CK21062804964","1408610582985785345","1"
"CK21072802388","1408610582996049921","2"
"CK21063003645","1408610582996049921","2"
"CK21063001355","1408610583504863233","2"
"CK21062803460","1408610583711326210","2"
"CK21062802848","1408610584030093314","1"
"CK21072802386","1408610584037605378","2"
"CK21063003646","1408610584037605378","2"
"CK21063000511","1408610584051453953","2"
"CK21072806461","1408610584083677186","2"
"CK21062904350","1408610584083677186","2"
"CK21063000934","1408610584097202178","2"
"CK21063000977","1408610584176893953","2"
"CK21062803025","1408610584190439425","2"
"CK21072804056","1408610584198254593","5"
"CK21062809801","1408610584198254593","5"
"CK21080201111","1408610584202059777","2"
"CK21062806019","1408610584202059777","2"
"CK21062905090","1408610584202653698","1"
"CK21062900730","1408610584299491332","2"
"CK21062808466","1408610584437534722","2"
"CK21062900937","1408610584469553154","2"
"CK21063004673","1408610584788385794","2"
"CK21063003609","1408610584894193665","5"
"CK21062900983","1408610584960286721","5"
"CK21080201420","1408610585170944002","2"
"CK21062805775","1408610585170944002","2"
"CK21063001013","1408610585213276162","2"
"CK21063003157","1408610585263812609","2"
"CK21063000900","1408610585374220291","2"
"CK21062807601","1408610585409142785","2"
"CK21080200499","1408610585423564802","1"
"CK21062806476","1408610585423564802","1"
"CK21072807345","1408610585434243074","2"
"CK21062904066","1408610585434243074","2"
"CK21080200264","1408610585469702145","2"
"CK21062806649","1408610585469702145","2"
"CK21080200498","1408610585503256581","2"
"CK21063000255","1408610585503256581","2"
"CK21063001195","1408610585511071746","5"
"CK21072803428","1408610585511645185","2"
"CK21062810273","1408610585511645185","2"
"CK21080202333","1408610585528053762","2"
"CK21062804991","1408610585528053762","2"
"CK21072802341","1408610585530777601","2"
"CK21062902592","1408610585530777601","2"
"CK21063000380","1408610585535922178","2"
"CK21080200868","1408610585543294979","2"
"CK21062806195","1408610585543294979","2"
"CK21080203667","1408610585691111425","5"
"CK21062903480","1408610585691111425","5"
"CK21062807097","1408610585736298499","2"
"CK21063000881","1408610586013057027","1"
"CK21080203721","1408610586068598786","2"
"CK21062803892","1408610586068598786","2"
"CK21062803560","1408610586102153217","2"
"CK21062803521","1408610586350137346","2"
"CK21063004462","1408610586352795649","5"
"CK21063000895","1408610586718715905","2"
"CK21080201569","1408610586737369089","2"
"CK21062805646","1408610586737369089","2"
"CK21062807533","1408610586739613699","2"
"CK21072805991","1408610586789003266","2"
"CK21062904501","1408610586789003266","2"
"CK21062903648","1408610586878099457","2"
"CK21072802686","1408610586937708545","2"
"CK21062902344","1408610586937708545","2"
"CK21062807526","1408610586953596929","2"
"CK21062808381","1408610587413954563","2"
"CK21063003977","1408610587436462081","2"
"CK21062903819","1408610587758829571","2"
"CK21062808377","1408610587767291907","1"
"CK21063001000","1408610587792977921","2"
"CK21062901480","1408610587808219137","2"
"CK21062803565","1408610587826900994","2"
"CK21062803541","1408610587826900995","1"
"CK21080203859","1408610588086947842","1"
"CK21062803807","1408610588086947842","1"
"CK21080203147","1408610588417409025","2"
"CK21062804346","1408610588417409025","2"
"CK21063005074","1408610588573487105","2"
"CK21062807424","1408610588613591042","5"
"CK21080202198","1408610588617785345","2"
"CK21062805096","1408610588617785345","2"
"CK21072805560","1408610588631318531","2"
"CK21062904643","1408610588631318531","2"
"CK21062900868","1408610588686159873","2"
"CK21062802967","1408610588695121921","2"
"CK21072804578","1408610588796772354","2"
"CK21062809398","1408610588796772354","2"
"CK21072804547","1408610588869443587","2"
"CK21062809426","1408610588869443587","2"
"CK21080201015","1408610588875476997","2"
"CK21062905803","1408610588875476997","2"
"CK21072803425","1408610588908457986","2"
"CK21063003160","1408610588908457986","2"
"CK21080200794","1408610588921245698","2"
"CK21062905910","1408610588921245698","2"
"CK21063000814","1408610588921245699","5"
"CK21072801802","1408610588928098307","2"
"CK21062903035","1408610588928098307","2"
"CK21062807245","1408610588962983938","2"
"CK21062806925","1408610588982689793","2"
"CK21072802673","1408610589009121281","2"
"CK21062902355","1408610589009121281","2"
"CK21062904074","1408610589087481857","5"
"CK21062807656","1408610589114552322","2"
"CK21063005134","1408610589235613697","2"
"CK21063004463","1408610589297197058","2"
"CK21063004497","1408610589316866049","2"
"CK21062901682","1408610589882109953","2"
"CK21063000274","1408610589935673345","2"
"CK21062903331","1408610589947379714","5"
"CK21072807041","1408610590017314817","5"
"CK21062904172","1408610590017314817","5"
"CK21072804072","1408610590041493505","2"
"CK21062809787","1408610590041493505","2"
"CK21080201430","1408610590255403010","2"
"CK21062805761","1408610590255403010","2"
"CK21072807367","1408610590687047682","2"
"CK21063004151","1408610590687047682","2"
"CK21063004839","1408610590883659778","5"
"CK21072801606","1408610590980055042","1"
"CK21062903230","1408610590980055042","1"
"CK21062803206","1408610591295590402","1"
"CK21062901770","1408610591316561921","2"
"CK21062803659","1408610591576035330","2"
"CK21062905191","1408610591653093377","2"
"CK21080200656","1408610591685292034","2"
"CK21062905976","1408610591685292034","2"
"CK21062903941","1408610591844081666","2"
"CK21062803457","1408610591966105601","2"
"CK21072803775","1408610592121499649","2"
"CK21063003015","1408610592121499649","2"
"CK21080201854","1408610592151228418","2"
"CK21062805394","1408610592151228418","2"
"CK21080201702","1408610592230031361","2"
"CK21062805536","1408610592230031361","2"
"CK21062901193","1408610592473300993","2"
"CK21063003900","1408610592554868737","2"
"CK21062903368","1408610592579047425","5"
"CK21080203587","1408610592595824641","2"
"CK21062803990","1408610592595824641","2"
"CK21080203798","1408610592682000385","2"
"CK21062903461","1408610592682000385","2"
"CK21062901368","1408610592733274114","5"
"CK21063000787","1408610593216581633","2"
"CK21072807319","1408610593231519745","2"
"CK21063005646","1408610593231519745","2"
"CK21080202317","1408610593430491138","1"
"CK21062905149","1408610593430491138","1"
"CK21063004543","1408610593445363714","2"
"CK21063001242","1408610593593106433","2"
"CK21063004362","1408610593601568770","2"
"CK21080203029","1408610593765462017","2"
"CK21062804439","1408610593765462017","2"
"CK21080202323","1408610593787994114","2"
"CK21062804996","1408610593787994114","2"
"CK21072802717","1408610593974788098","5"
"CK21062902318","1408610593974788098","5"
"CK21062903470","1408610594503270402","2"
"CK21062807788","1408610594647826433","5"
"CK21062905930","1408610594688413697","2"
"CK21062900873","1408610594774958081","2"
"CK21062900845","1408610594895290369","2"
"CK21062901096","1408610595283800065","2"
"CK21080200454","1408610595391520769","2"
"CK21062806513","1408610595391520769","2"
"CK21072803778","1408610595511853057","2"
"CK21062904377","1408610595511853057","2"
"CK21062807293","1408610595534127106","1"
"CK21063000808","1408610595633487873","2"
"CK21080203809","1408610596633100290","2"
"CK21062901623","1408610596633100290","2"
"CK21062803246","1408610596692770817","2"
"CK21080201562","1408610596911190018","2"
"CK21062905440","1408610596911190018","2"
"CK21080203886","1408610596974678018","2"
"CK21062803785","1408610596974678018","2"
"CK21063005095","1408610597187624962","2"
"CK21063004550","1408610597495758850","2"
"CK21062905259","1408610597866160129","5"
"CK21062803137","1408610597874548737","2"
"CK21072803046","1408610597923577858","2"
"CK21062810552","1408610597923577858","2"
"CK21062806794","1408610598092718081","2"
"CK21063005009","1408610598111334401","2"
"CK21080201302","1408610598161297409","1"
"CK21062805866","1408610598161297409","1"
"CK21062901210","1408610598240468993","2"
"CK21063004496","1408610598487932930","2"
"CK21080200956","1408610598517293058","2"
"CK21062905830","1408610598517293058","2"
"CK21072803051","1408610598558285826","2"
"CK21062810549","1408610598558285826","2"
"CK21080201311","1408610598723334145","2"
"CK21062903758","1408610598723334145","2"
"CK21063004385","1408610598766632962","2"
"CK21063005155","1408610599027982337","2"
"CK21063005101","1408610599209279489","2"
"CK21062903463","1408610599322914818","1"
"CK21062803567","1408610599384563713","2"
"CK21062901886","1408610599905923074","2"
"CK21062803691","1408610600114372610","1"
"CK21062802904","1408610600930893826","2"
"CK21080203088","1408610600991858690","1"
"CK21062804387","1408610600991858690","1"
"CK21080203033","1408610601080901634","2"
"CK21062804435","1408610601080901634","2"
"CK21062901068","1408610601105104899","5"
"CK21080201306","1408610601105494017","5"
"CK21062805863","1408610601105494017","5"
"CK21062901494","1408610601106067457","2"
"CK21062903701","1408610601130659841","2"
"CK21080203881","1408610601172213763","2"
"CK21062803790","1408610601172213763","2"
"CK21062904689","1408610601185185795","2"
"CK21062901496","1408610601188990978","5"
"CK21080202929","1408610601231007746","2"
"CK21062804520","1408610601231007746","2"
"CK21080201197","1408610601415557123","2"
"CK21062805955","1408610601415557123","2"
"CK21063003780","1408610602111737857","2"
"CK21080203663","1408610602113687553","2"
"CK21062901723","1408610602113687553","2"
"CK21062803250","1408610602129477634","5"
"CK21062807087","1408610602771206146","2"
"CK21063001341","1408610602803798018","2"
"CK21072801630","1408610602805747714","2"
"CK21063003980","1408610602805747714","2"
"CK21080200755","1408610602808066050","2"
"CK21062806276","1408610602808066050","2"
"CK21063005167","1408610603331338242","2"
"CK21063003880","1408610603370029058","2"
"CK21062805767","1408610603676286977","2"
"CK21072802437","1408610603897634818","2"
"CK21062902525","1408610603897634818","2"
"CK21080200683","1408610604271878146","2"
"CK21062903833","1408610604271878146","2"
"CK21062802803","1408610604280193026","2"
"CK21062802867","1408610604311502849","2"
"CK21072801858","1408610604771520513","2"
"CK21063003886","1408610604771520513","2"
"CK21080203486","1408610604897144833","2"
"CK21062804062","1408610604897144833","2"
"CK21080202628","1408610605639221249","2"
"CK21062804765","1408610605639221249","2"
"CK21072804625","1408610605701120002","2"
"CK21063002590","1408610605701120002","2"
"CK21062807402","1408610605715238918","2"
"CK21072803634","1408610605726285825","1"
"CK21062810117","1408610605726285825","1"
"CK21072806165","1408610605878222849","2"
"CK21063003259","1408610605878222849","2"
"CK21062901265","1408610606162558979","2"
"CK21062901503","1408610606176092162","2"
"CK21062903704","1408610606234812418","5"
"CK21080203624","1408610606245076993","2"
"CK21062803961","1408610606245076993","2"
"CK21063001014","1408610606532923394","2"
"CK21080202304","1408610606583828481","1"
"CK21062905157","1408610606583828481","1"
"CK21080202528","1408610606623932417","2"
"CK21062804853","1408610606623932417","2"
"CK21080201300","1408610606636515330","1"
"CK21062805867","1408610606636515330","1"
"CK21072803198","1408610606639341570","2"
"CK21063003261","1408610606639341570","2"
"CK21062900750","1408610606647730178","2"
"CK21062802829","1408610606700380162","2"
"CK21062900986","1408610606830718977","1"
"CK21062900745","1408610615492161538","2"
"CK21062905024","1408610619326124034","2"
"CK21063005481","1408610690654457857","2"
"CK21063004139","1408610694826827778","2"
"CK21080200934","1408610795493376002","2"
"CK21062905839","1408610795493376002","2"
"CK21062901144","1408610808065241089","1"
"CK21063001658","1408610850015199234","1"
"CK21062807590","1408610866800738306","2"
"CK21063001645","1408610891955310594","2"
"CK21062904904","1408610904542027778","2"
"CK21062900742","1408611021977403393","1"
"CK21062901433","1408611030698897410","2"
"CK21062900957","1408611034561257474","2"
"CK21062802833","1408611047147487233","2"
"CK21062807654","1408611059736432641","2"
"CK21080203035","1408611080706113537","2"
"CK21062804433","1408611080706113537","2"
"CK21072807357","1408611089096192002","2"
"CK21063005627","1408611089096192002","2"
"CK21072804621","1408611105864425473","1"
"CK21063002592","1408611105864425473","1"
"CK21063001147","1408611139750801409","2"
"CK21072805555","1408611189750505474","2"
"CK21063004002","1408611189750505474","2"
"CK21062905743","1408611198143381506","5"
"CK21062903424","1408611252666028033","2"
"CK21063001678","1408611261053673473","2"
"CK21080203989","1408611273634340865","2"
"CK21062803725","1408611273634340865","2"
"CK21072803072","1408611311383076866","2"
"CK21062904455","1408611311383076866","2"
"CK21062807647","1408611374319910913","2"
"CK21080202417","1408611470765641729","2"
"CK21062804930","1408611470765641729","2"
"CK21080202419","1408611533681188865","2"
"CK21062804928","1408611533681188865","2"
"CK21063000503","1408611563039367170","2"
"CK21080200671","1408611571428364290","5"
"CK21062806341","1408611571428364290","5"
"CK21062804056","1408612439905349633","5"
"CK21062901215","1408612771002236930","2"
"CK21080202887","1408612787793506305","2"
"CK21062904867","1408612787793506305","2"
"CK21062803568","1408612788112068609","5"
"CK21063004686","1408612796173131777","2"
"CK21062802842","1408612829724332033","2"
"CK21072803801","1408612834249617410","2"
"CK21063003000","1408612834249617410","2"
"CK21080201447","1408612875869102081","2"
"CK21062905621","1408612875869102081","2"
"CK21062803235","1408612934581563394","2"
"CK21080200668","1408612947159687170","2"
"CK21062806343","1408612947159687170","2"
"CK21080202854","1408612959748743170","2"
"CK21062804582","1408612959748743170","2"
"CK21080201778","1408613026851852290","2"
"CK21062805464","1408613026851852290","2"
"CK21062900850","1408613194624585729","1"
"CK21062903067","1408613316292067330","2"
"CK21072805625","1408613387565875202","2"
"CK21062904625","1408613387565875202","2"
"CK21072803458","1408613442090876930","2"
"CK21063003138","1408613442090876930","2"
"CK21062802939","1408613475650768897","2"
"CK21062803629","1408613588893356033","2"
"CK21072803451","1408613635025932289","2"
"CK21063003144","1408613635025932289","2"
"CK21062901229","1408613794409095169","2"
"CK21072803467","1408613869906956290","5"
"CK21062810250","1408613869906956290","5"
"CK21063001650","1408613907655897089","2"
"CK21062809766","1408614008319193089","2"
"CK21062803622","1408614025104203778","2"
"CK21062900890","1408614058651209730","5"
"CK21062900851","1408614201260777474","1"
"CK21080201163","1408614373230493697","2"
"CK21062805980","1408614373230493697","2"
"CK21080203321","1408614478172921858","2"
"CK21062804202","1408614478172921858","2"
"CK21080200914","1408628626691801090","2"
"CK21062806152","1408628626691801090","2"
